,Unnamed: 0,title,score,id,url,comms_num,created,body,roast,image,img_array
0,0,Thank you for all the support! Seeing complete strangers care about my situation really warmed my heart.,94577,amnyr9,https://i.redd.it/s2fi2wr7ibe21.jpg,2515,1549212910.0,,"Glad you're doing great OP. You're now the top post of all time on this subreddit. Who would have guessed wholesome r/RoastMe would be our most popular post. 

I edited your flair. Take care of yourself. 

----

[Thread in question if you're OOTL](https://www.reddit.com/r/RoastMe/comments/alo3ao/17_years_old_russian_with_crippling_depression/)

Edit: comments brigading this sticky are moderated. Read the sidebar rules. ","""<img src=""https://i.redd.it/s2fi2wr7ibe21.jpg"" width=""60"" >""","[[[227 220 202]
  [226 219 200]
  [229 221 202]
  ...
  [121 120 117]
  [130 128 124]
  [138 137 132]]

 [[226 219 201]
  [227 220 202]
  [230 223 206]
  ...
  [120 119 113]
  [131 126 117]
  [132 127 115]]

 [[227 220 201]
  [227 219 201]
  [231 224 207]
  ...
  [161 149 130]
  [143 131 116]
  [123 112  95]]

 ...

 [[ 86  87  80]
  [ 84  85  78]
  [ 81  83  76]
  ...
  [111 130  61]
  [115 131  62]
  [ 94 109  51]]

 [[ 55  57  56]
  [ 49  51  50]
  [ 55  56  55]
  ...
  [104 125  63]
  [ 69  88  40]
  [108 125  64]]

 [[ 58  60  59]
  [ 53  55  54]
  [ 54  56  55]
  ...
  [ 80 100  45]
  [ 72  89  42]
  [ 83 101  47]]]"
1,1,Let's Roast the Coronavirus,74107,fnwcch,https://i.redd.it/1xgka63ywio41.png,3892,1585042220.0,,"People only notice you when you're a problem

Edit: 6.9k upvotes.. nice","""<img src=""https://i.redd.it/1xgka63ywio41.png"" width=""60"" >""","[[[174 171 152 255]
  [177 170 152 255]
  [177 170 152 255]
  ...
  [184 176 157 255]
  [186 178 160 255]
  [187 179 160 255]]

 [[172 169 149 255]
  [175 169 150 255]
  [177 170 152 255]
  ...
  [183 176 158 255]
  [183 176 158 255]
  [184 177 159 255]]

 [[172 170 150 255]
  [176 170 151 255]
  [178 171 153 255]
  ...
  [195 188 170 255]
  [200 193 175 255]
  [203 196 178 255]]

 ...

 [[131 124 106 255]
  [133 124 107 255]
  [133 124 107 255]
  ...
  [199 173 146 255]
  [199 173 146 255]
  [204 178 151 255]]

 [[131 124 106 255]
  [132 123 106 255]
  [132 123 106 255]
  ...
  [198 171 145 255]
  [201 175 148 255]
  [206 180 153 255]]

 [[131 124 106 255]
  [133 124 107 255]
  [133 124 107 255]
  ...
  [199 172 146 255]
  [199 173 146 255]
  [199 173 146 255]]]"
2,2,Ten years ago I purchased a $50 Groupon for professional acting headshots. The results were... unfortunate. Please destroy me for this choice.,66021,ecw1ov,https://i.redd.it/qcrbkirlgm541.jpg,2272,1576803969.0,,next time you do head shots try the back of your head,"""<img src=""https://i.redd.it/qcrbkirlgm541.jpg"" width=""60"" >""","[[[255 252 251]
  [255 251 250]
  [255 251 250]
  ...
  [254 234 235]
  [254 234 235]
  [254 234 235]]

 [[255 252 251]
  [255 252 251]
  [255 251 250]
  ...
  [254 234 238]
  [254 234 236]
  [254 234 235]]

 [[255 252 251]
  [255 252 251]
  [255 252 251]
  ...
  [255 234 239]
  [255 235 238]
  [254 235 237]]

 ...

 [[212  66  74]
  [200  55  65]
  [195  51  60]
  ...
  [251 240 243]
  [255 253 255]
  [255 252 254]]

 [[204  60  68]
  [195  52  61]
  [187  45  53]
  ...
  [119  95 107]
  [202 179 187]
  [235 214 220]]

 [[190  52  57]
  [185  45  51]
  [185  44  52]
  ...
  [ 73  64  82]
  [110  97 111]
  [164 151 164]]]"
3,3,"I roasted this baby picture my Mom printed on Christmas thinking it was my uncle. Turns out, itâ€™s me. Turn the grill up please",56237,dwo2th,https://i.redd.it/kzrr5a1odty31.jpg,4458,1573836793.0,,Well we now know at least one kid who wasn't molested,"""<img src=""https://i.redd.it/kzrr5a1odty31.jpg"" width=""60"" >""","[[[206 205 200]
  [208 207 202]
  [209 207 203]
  ...
  [200 197 190]
  [198 195 188]
  [198 195 188]]

 [[206 205 200]
  [207 206 201]
  [210 210 205]
  ...
  [198 195 188]
  [199 196 189]
  [202 199 192]]

 [[211 207 199]
  [212 208 200]
  [210 211 204]
  ...
  [199 196 189]
  [202 199 192]
  [200 197 190]]

 ...

 [[183 174 159]
  [182 173 158]
  [162 153 138]
  ...
  [128 120 114]
  [133 127 121]
  [142 138 131]]

 [[178 169 154]
  [183 174 159]
  [162 153 138]
  ...
  [131 122 116]
  [136 131 125]
  [139 135 130]]

 [[174 165 150]
  [183 174 159]
  [162 153 138]
  ...
  [131 122 116]
  [135 130 123]
  [140 135 132]]]"
4,4,3.2 million karma and accepted to Harvard but never kissed a girl- Roast me,55076,bb6nwq,https://i.redd.it/d3ht20kk28r21.jpg,4938,1554837363.0,,Your doorknob is going to wear fewer socks than Oscar Pistorius,"""<img src=""https://i.redd.it/d3ht20kk28r21.jpg"" width=""60"" >""","[[[184 176 170]
  [184 176 170]
  [181 173 167]
  ...
  [159 146 130]
  [160 144 131]
  [161 142 134]]

 [[205 196 182]
  [201 191 177]
  [199 189 174]
  ...
  [161 148 132]
  [165 148 136]
  [162 143 134]]

 [[202 192 178]
  [201 190 177]
  [200 189 176]
  ...
  [161 145 130]
  [164 148 134]
  [163 148 135]]

 ...

 [[124  21  40]
  [126  23  43]
  [128  25  46]
  ...
  [213 200 170]
  [213 199 168]
  [213 198 168]]

 [[124  21  38]
  [124  21  40]
  [122  18  40]
  ...
  [215 199 171]
  [213 198 169]
  [214 199 170]]

 [[125  22  38]
  [127  24  43]
  [124  21  42]
  ...
  [214 199 170]
  [214 199 170]
  [214 199 170]]]"
5,5,The power or BASS made me look perfect ðŸ˜Ž Good luck roasting me LMAO,54199,eozxes,https://i.redd.it/pl3y3424qwa41.jpg,5999,1579107546.0,,"""I asked REDDIT to ROAST ME!! ðŸ˜°""

Home alone face in the thumbnail","""<img src=""https://i.redd.it/pl3y3424qwa41.jpg"" width=""60"" >""","[[[ 90  83  91]
  [ 90  82  90]
  [ 94  86  87]
  ...
  [ 86  81  81]
  [ 86  81  81]
  [ 87  82  82]]

 [[111  98 106]
  [110 100 108]
  [112 104 105]
  ...
  [104 100  99]
  [106  98  97]
  [106  99  97]]

 [[108  99 107]
  [109 100 108]
  [106 100 106]
  ...
  [ 98  99  99]
  [ 99  96  95]
  [102  96 100]]

 ...

 [[183 143 131]
  [171 126 114]
  [141  97  78]
  ...
  [ 66  60  68]
  [ 67  62  66]
  [ 65  63  69]]

 [[162 121 111]
  [163 122 113]
  [171 130 116]
  ...
  [ 66  62  69]
  [ 68  61  68]
  [ 68  61  69]]

 [[186 149 132]
  [196 161 144]
  [199 161 147]
  ...
  [ 62  61  68]
  [ 63  61  68]
  [ 68  63  69]]]"
6,6,About to come home after spending the last 3yrs in the desert. Going to be a freshman in college at 26. Please no jokes about my $40k truck or my 3 divorces. It hurts my feelings.,49426,jdc4dm,https://i.redd.it/ka6vsj0q3tt51.jpg,4355,1603035324.0,,Man that shirt is holding together better then any of your relationships,"""<img src=""https://i.redd.it/ka6vsj0q3tt51.jpg"" width=""60"" >""","[[[227 204 160]
  [225 203 158]
  [225 204 159]
  ...
  [125 165 225]
  [133 173 233]
  [133 166 223]]

 [[227 204 160]
  [225 203 159]
  [224 203 158]
  ...
  [125 167 229]
  [133 171 229]
  [164 183 220]]

 [[226 203 159]
  [224 202 157]
  [223 202 157]
  ...
  [123 171 234]
  [136 169 224]
  [222 231 241]]

 ...

 [[  0   0   0]
  [  0   0   0]
  [  0   0   0]
  ...
  [143 132 104]
  [146 135 106]
  [148 137 107]]

 [[  0   0   0]
  [  0   0   0]
  [  0   0   0]
  ...
  [142 130 102]
  [145 134 105]
  [147 136 106]]

 [[  1   1   1]
  [  0   0   0]
  [  0   0   0]
  ...
  [140 129 102]
  [144 132 105]
  [147 135 108]]]"
7,7,"Roast Comcast, Verizon, and Ajit Pai by joining the fight for Net Neutrality!",48098,7eo0zr,https://www.battleforthenet.com/,356,1511352204.0,,"Because what good is insulting strangers on the internet if you don't have an open internet to do it with? Then you're just talking to yourself. Which I'm sure everyone here does plenty, anyway.","""<img src=""https://www.battleforthenet.com/"" width=""60"" >""","[[[0 0 0]
  [0 0 0]
  [0 0 0]
  ...
  [0 0 0]
  [0 0 0]
  [0 0 0]]

 [[0 0 0]
  [0 0 0]
  [0 0 0]
  ...
  [0 0 0]
  [0 0 0]
  [0 0 0]]

 [[0 0 0]
  [0 0 0]
  [0 0 0]
  ...
  [0 0 0]
  [0 0 0]
  [0 0 0]]

 ...

 [[0 0 0]
  [0 0 0]
  [0 0 0]
  ...
  [0 0 0]
  [0 0 0]
  [0 0 0]]

 [[0 0 0]
  [0 0 0]
  [0 0 0]
  ...
  [0 0 0]
  [0 0 0]
  [0 0 0]]

 [[0 0 0]
  [0 0 0]
  [0 0 0]
  ...
  [0 0 0]
  [0 0 0]
  [0 0 0]]]"
8,8,"46 yr old, works at a bank, no savings, donâ€™t own a home, no retirement, but I drive a Bentley and smoke bong hits on the toilet..Give me your best shot!",44179,dahxbw,https://i.redd.it/rxlpyzj7zcp31.jpg,3309,1569715595.0,,You seem awful cocky for a chauffeur.,"""<img src=""https://i.redd.it/rxlpyzj7zcp31.jpg"" width=""60"" >""","[[[207 200 182]
  [207 200 182]
  [208 201 183]
  ...
  [224 224 216]
  [211 211 203]
  [212 212 200]]

 [[206 199 181]
  [207 200 182]
  [207 200 182]
  ...
  [192 192 183]
  [164 164 153]
  [188 188 176]]

 [[214 207 189]
  [211 205 186]
  [211 204 186]
  ...
  [152 152 143]
  [155 156 143]
  [187 187 175]]

 ...

 [[ 98  99 102]
  [ 98  99 101]
  [106 107 110]
  ...
  [160 149 131]
  [169 158 141]
  [163 151 135]]

 [[124 125 127]
  [ 63  64  66]
  [ 40  41  45]
  ...
  [170 158 141]
  [168 157 140]
  [165 154 138]]

 [[ 67  69  71]
  [107 109 110]
  [ 27  28  30]
  ...
  [152 140 124]
  [148 136 120]
  [150 141 124]]]"
9,9,29m roast me plz,44028,gm4wy7,https://i.redd.it/x8utk3ocxjz41.jpg,13166,1589848724.0,,Usually the combover goes toward the bald,"""<img src=""https://i.redd.it/x8utk3ocxjz41.jpg"" width=""60"" >""","[[[115 107  97]
  [116 107  98]
  [117 108  99]
  ...
  [185 176 171]
  [186 177 172]
  [187 178 173]]

 [[115 106  97]
  [116 107  98]
  [116 107  98]
  ...
  [186 177 172]
  [186 177 172]
  [187 178 173]]

 [[115 106  97]
  [116 107  98]
  [117 108  99]
  ...
  [187 178 173]
  [186 177 172]
  [187 178 173]]

 ...

 [[ 56  43  27]
  [ 56  42  28]
  [ 57  43  30]
  ...
  [146 128 108]
  [146 128 108]
  [147 129 109]]

 [[ 44  31  15]
  [ 42  29  15]
  [ 35  24  11]
  ...
  [146 128 108]
  [146 128 108]
  [146 128 108]]

 [[ 37  24   7]
  [ 29  18   7]
  [ 23  13   6]
  ...
  [146 128 108]
  [146 128 108]
  [146 128 108]]]"
